{
  "flight_start": "2025-07-14T15:37:22.296596",
  "movements": [
    {
      "segment": 1,
      "start_position": [
        38.096975803375244,
        -1.2861124787377776e-06,
        7.027822448435472e-06,
        0.0001939920912263915
      ],
      "end_position": [
        38.096975803375244,
        -1.2861124787377776e-06,
        7.027822448435472e-06,
        0.0001939920912263915
      ],
      "start_time": 1752521852.399868,
      "end_time": 1752521853.4222875,
      "duration": 1.0224194526672363,
      "battery_level": 68
    },
    {
      "segment": 2,
      "start_position": [
        38.096975803375244,
        -1.2861124787377776e-06,
        7.027822448435472e-06,
        0.0001939920912263915
      ],
      "end_position": [
        38.096975803375244,
        -1.2861124787377776e-06,
        7.027822448435472e-06,
        0.0001939920912263915
      ],
      "start_time": 1752521858.549219,
      "end_time": 1752521859.5709772,
      "duration": 1.0217583179473877,
      "battery_level": 68
    },
    {
      "segment": 3,
      "start_position": [
        38.096975803375244,
        -1.2861124787377776e-06,
        7.027822448435472e-06,
        0.0001939920912263915
      ],
      "end_position": [
        38.096975803375244,
        -1.2861124787377776e-06,
        7.027822448435472e-06,
        0.0001939920912263915
      ],
      "start_time": 1752521864.6927378,
      "end_time": 1752521865.7161026,
      "duration": 1.023364782333374,
      "battery_level": 68
    },
    {
      "segment": 4,
      "start_position": [
        38.096975803375244,
        -1.2861124787377776e-06,
        7.027822448435472e-06,
        0.0001939920912263915
      ],
      "end_position": [
        38.096975803375244,
        -1.2861124787377776e-06,
        7.027822448435472e-06,
        0.0001939920912263915
      ],
      "start_time": 1752521870.8435514,
      "end_time": 1752521871.8658118,
      "duration": 1.0222604274749756,
      "battery_level": 69
    }
  ],
  "sensor_readings": [],
  "flight_summary": {
    "initial_position": [
      38.096975803375244,
      -1.2861124787377776e-06,
      7.027822448435472e-06,
      0.0001939920912263915
    ],
    "initial_battery": 69,
    "final_position": [
      38.096975803375244,
      -1.2861124787377776e-06,
      7.027822448435472e-06,
      0.0001939920912263915
    ],
    "final_battery": 69,
    "total_flight_time": 28.645919799804688,
    "return_to_home_duration": 2.011582851409912,
    "detected_color": [
      0,
      0,
      0,
      0,
      0,
      0,
      0,
      0,
      0,
      0,
      0,
      0
    ],
    "flight_end": "2025-07-14T15:37:59.021803"
  }
}