{
  "flight_start": "2025-07-14T15:39:53.778048",
  "movements": [
    {
      "segment": 1,
      "start_position": [
        20.84411644935608,
        5.511544713954208e-06,
        2.1737795918852498e-07,
        0.00012203913502162322
      ],
      "end_position": [
        20.84411644935608,
        5.511544713954208e-06,
        2.1737795918852498e-07,
        0.00012203913502162322
      ],
      "start_time": 1752522006.8926005,
      "end_time": 1752522007.9152744,
      "duration": 1.0226738452911377,
      "battery_level": 68
    }
  ],
  "sensor_readings": [],
  "flight_summary": {
    "initial_position": [
      20.84411644935608,
      5.511544713954208e-06,
      2.1737795918852498e-07,
      0.00012203913502162322
    ],
    "initial_battery": 68
  }
}