{
  "flight_start": "2025-07-14T15:45:17.622473",
  "movements": [
    {
      "segment": 1,
      "start_position": [
        18.62699246406555,
        0.014277693815529346,
        0.004254049155861139,
        0.1028432846069336
      ],
      "end_position": [
        18.62699246406555,
        0.014277693815529346,
        0.004254049155861139,
        0.1028432846069336
      ],
      "start_time": 1752522324.7241483,
      "end_time": 1752522325.7452319,
      "duration": 1.0210835933685303,
      "battery_level": 76
    },
    {
      "segment": 2,
      "start_position": [
        18.62699246406555,
        0.014277693815529346,
        0.004254049155861139,
        0.1028432846069336
      ],
      "end_position": [
        18.62699246406555,
        0.014277693815529346,
        0.004254049155861139,
        0.1028432846069336
      ],
      "start_time": 1752522330.863658,
      "end_time": 1752522331.8853552,
      "duration": 1.0216972827911377,
      "battery_level": 62
    }
  ],
  "sensor_readings": [],
  "flight_summary": {
    "initial_position": [
      18.62699246406555,
      0.014277693815529346,
      0.004254049155861139,
      0.1028432846069336
    ],
    "initial_battery": 81
  }
}