{
  "flight_start": "2025-07-14T15:43:24.311674",
  "movements": [
    {
      "segment": 1,
      "start_position": [
        27.06566309928894,
        -3.995784209109843e-05,
        -0.004167061299085617,
        0.2415838986635208
      ],
      "end_position": [
        27.06566309928894,
        -3.995784209109843e-05,
        -0.004167061299085617,
        0.2415838986635208
      ],
      "start_time": 1752522217.421097,
      "end_time": 1752522218.4422884,
      "duration": 1.0211913585662842,
      "battery_level": 0
    },
    {
      "segment": 2,
      "start_position": [
        27.06566309928894,
        -3.995784209109843e-05,
        -0.004167061299085617,
        0.2415838986635208
      ],
      "end_position": [
        27.06566309928894,
        -3.995784209109843e-05,
        -0.004167061299085617,
        0.2415838986635208
      ],
      "start_time": 1752522223.5589921,
      "end_time": 1752522224.581072,
      "duration": 1.0220799446105957,
      "battery_level": 100
    },
    {
      "segment": 3,
      "start_position": [
        27.06566309928894,
        -3.995784209109843e-05,
        -0.004167061299085617,
        0.2415838986635208
      ],
      "end_position": [
        27.06566309928894,
        -3.995784209109843e-05,
        -0.004167061299085617,
        0.2415838986635208
      ],
      "start_time": 1752522229.6948164,
      "end_time": 1752522230.7161732,
      "duration": 1.0213568210601807,
      "battery_level": 100
    },
    {
      "segment": 4,
      "start_position": [
        27.06566309928894,
        -3.995784209109843e-05,
        -0.004167061299085617,
        0.2415838986635208
      ],
      "end_position": [
        27.06566309928894,
        -3.995784209109843e-05,
        -0.004167061299085617,
        0.2415838986635208
      ],
      "start_time": 1752522235.8365505,
      "end_time": 1752522236.8581307,
      "duration": 1.0215802192687988,
      "battery_level": 100
    }
  ],
  "sensor_readings": [],
  "flight_summary": {
    "initial_position": [
      27.06566309928894,
      -3.995784209109843e-05,
      -0.004167061299085617,
      0.2415838986635208
    ],
    "initial_battery": 0
  }
}