{
  "flight_start": "2025-07-14T15:47:51.320745",
  "movements": [
    {
      "segment": 1,
      "start_position": [
        34.158406257629395,
        -0.023370182141661644,
        0.10216868668794632,
        0.7912139296531677
      ],
      "end_position": [
        34.158406257629395,
        -0.023370182141661644,
        0.10216868668794632,
        0.7912139296531677
      ],
      "start_time": 1752522477.62568,
      "end_time": 1752522478.6473138,
      "duration": 1.0216338634490967,
      "battery_level": 85
    },
    {
      "segment": 2,
      "start_position": [
        34.158406257629395,
        -0.023370182141661644,
        0.10216868668794632,
        0.7912139296531677
      ],
      "end_position": [
        34.158406257629395,
        -0.023370182141661644,
        0.10216868668794632,
        0.7912139296531677
      ],
      "start_time": 1752522483.770112,
      "end_time": 1752522484.791809,
      "duration": 1.0216970443725586,
      "battery_level": 76
    },
    {
      "segment": 3,
      "start_position": [
        34.158406257629395,
        -0.023370182141661644,
        0.10216868668794632,
        0.7912139296531677
      ],
      "end_position": [
        34.158406257629395,
        -0.023370182141661644,
        0.10216868668794632,
        0.7912139296531677
      ],
      "start_time": 1752522489.9153137,
      "end_time": 1752522490.936629,
      "duration": 1.021315336227417,
      "battery_level": 73
    },
    {
      "segment": 4,
      "start_position": [
        34.158406257629395,
        -0.023370182141661644,
        0.10216868668794632,
        0.7912139296531677
      ],
      "end_position": [
        34.158406257629395,
        -0.023370182141661644,
        0.10216868668794632,
        0.7912139296531677
      ],
      "start_time": 1752522496.062442,
      "end_time": 1752522497.0837078,
      "duration": 1.0212657451629639,
      "battery_level": 71
    }
  ],
  "sensor_readings": [],
  "flight_summary": {
    "initial_position": [
      34.158406257629395,
      -0.023370182141661644,
      0.10216868668794632,
      0.7912139296531677
    ],
    "initial_battery": 89,
    "final_position": [
      34.158406257629395,
      -0.023370182141661644,
      0.10216868668794632,
      0.7912139296531677
    ],
    "final_battery": 70,
    "total_flight_time": 28.830467700958252,
    "return_to_home_duration": 2.012127161026001,
    "detected_color": [
      34.107473850250244,
      354,
      80,
      89,
      53,
      342,
      62,
      34,
      23,
      